{"loss": [1.0628314018249512, 1.00840425491333, 1.0012602806091309, 0.9954244494438171, 0.9930213093757629], "accuracy": [0.01783333346247673, 0.018263889476656914, 0.018666666001081467, 0.018541665747761726, 0.018708333373069763], "val_loss": [1.0259546041488647, 1.0555356740951538, 1.0683902502059937, 1.0798989534378052, 1.0304595232009888], "val_accuracy": [0.01663888804614544, 0.01805555634200573, 0.01805555634200573, 0.017416667193174362, 0.01805555634200573]}